{
    "length_m": 0.09170616,
    "width_m": 0.0883272,
    "height_m": 0.10655579999999998,
    "volume_ml": 448.82124872697403,
    "timestamp": "2026-03-29 17:40:00"
}