{
    "length_m": 0.09715991999999998,
    "width_m": 0.09689316,
    "height_m": 0.11366939999999999,
    "volume_ml": 556.4513234390799,
    "timestamp": "2026-04-01 12:18:35"
}