{
    "length_m": 0.09766380000000001,
    "width_m": 0.09754524,
    "height_m": 0.08841612000000001,
    "volume_ml": 438.00038892958577,
    "timestamp": "2026-04-01 15:10:11"
}