{
    "length_m": 0.09686352,
    "width_m": 0.09686351999999998,
    "height_m": 0.1084824,
    "volume_ml": 529.2771227932441,
    "timestamp": "2026-04-01 10:27:11"
}