{
    "length_m": 0.09401807999999999,
    "width_m": 0.09659675999999999,
    "height_m": 0.10957908,
    "volume_ml": 517.4935381926826,
    "timestamp": "2026-04-01 13:26:46"
}