{
    "length_m": 0.09935327999999999,
    "width_m": 0.09730811999999998,
    "height_m": 0.10705968,
    "volume_ml": 538.220922014603,
    "timestamp": "2026-03-31 21:19:52"
}