{
    "length_m": 0.09887904,
    "width_m": 0.09630036,
    "height_m": 0.10851203999999999,
    "volume_ml": 537.2957727990164,
    "timestamp": "2026-03-31 20:25:48"
}