{
    "length_m": 0.09813804,
    "width_m": 0.09680423999999999,
    "height_m": 0.10646687999999999,
    "volume_ml": 525.9562626622129,
    "timestamp": "2026-04-01 09:27:11"
}