{
    "length_m": 0.08488895999999999,
    "width_m": 0.0835848,
    "height_m": 0.09120228000000001,
    "volume_ml": 336.5019302362981,
    "timestamp": "2026-03-30 18:41:05"
}