{
    "length_m": 0.09668567999999998,
    "width_m": 0.09686352,
    "height_m": 0.10785996,
    "volume_ml": 525.2741174055033,
    "timestamp": "2026-04-01 14:00:38"
}