{
    "length_m": 0.08524464,
    "width_m": 0.08598564,
    "height_m": 0.09544079999999999,
    "volume_ml": 363.77296825059847,
    "timestamp": "2026-03-29 16:54:43"
}