{
    "length_m": 0.09656711999999999,
    "width_m": 0.0958854,
    "height_m": 0.0877344,
    "volume_ml": 422.4302571611899,
    "timestamp": "2026-04-01 13:07:41"
}