{
    "length_m": 0.09816767999999998,
    "width_m": 0.09944220000000001,
    "height_m": 0.11295804,
    "volume_ml": 573.4027123512432,
    "timestamp": "2026-04-01 12:59:26"
}