{
    "length_m": 0.09736739999999999,
    "width_m": 0.09858264000000001,
    "height_m": 0.11310624,
    "volume_ml": 564.5519689063776,
    "timestamp": "2026-04-01 12:53:42"
}