{
    "length_m": 0.07578948,
    "width_m": 0.07567092,
    "height_m": 0.09680424000000001,
    "volume_ml": 288.69260860743964,
    "timestamp": "2026-03-20 21:46:49"
}