{
    "length_m": 0.08672664000000001,
    "width_m": 0.08557068,
    "height_m": 0.08728979999999999,
    "volume_ml": 336.85604579442185,
    "timestamp": "2026-03-29 17:09:25"
}