{
    "length_m": 0.09908651999999998,
    "width_m": 0.09597432,
    "height_m": 0.1129284,
    "volume_ml": 558.4395111454257,
    "timestamp": "2026-04-01 10:54:02"
}