{
    "length_m": 0.08370336000000002,
    "width_m": 0.08657843999999999,
    "height_m": 0.041288519999999995,
    "volume_ml": 155.59129924451133,
    "timestamp": "2026-03-31 16:00:24"
}