{
    "length_m": 0.08820864,
    "width_m": 0.08806044,
    "height_m": 0.09378096000000001,
    "volume_ml": 378.800021568743,
    "timestamp": "2026-03-30 16:46:33"
}