{
    "length_m": 0.09256571999999999,
    "width_m": 0.09149868,
    "height_m": 0.10860096000000001,
    "volume_ml": 478.301805510075,
    "timestamp": "2026-04-01 09:17:11"
}