{
    "length_m": 0.09665603999999998,
    "width_m": 0.07338864,
    "height_m": 0.09330672000000001,
    "volume_ml": 344.17086583965784,
    "timestamp": "2026-03-31 16:21:33"
}