{
    "length_m": 0.07267727999999998,
    "width_m": 0.07270692000000001,
    "height_m": 0.09010560000000001,
    "volume_ml": 247.5879701146204,
    "timestamp": "2026-03-30 20:53:19"
}