{
    "length_m": 0.0849186,
    "width_m": 0.08524464000000001,
    "height_m": 0.09075768000000001,
    "volume_ml": 341.63049949195596,
    "timestamp": "2026-03-29 15:04:41"
}