{
    "length_m": 0.08302164000000001,
    "width_m": 0.08645988,
    "height_m": 0.09081695999999999,
    "volume_ml": 338.98168993708765,
    "timestamp": "2026-03-29 14:40:48"
}