{
    "length_m": 0.09834551999999999,
    "width_m": 0.09698208,
    "height_m": 0.10880843999999999,
    "volume_ml": 539.6497780133735,
    "timestamp": "2026-04-01 09:49:13"
}