{
    "length_m": 0.08702304,
    "width_m": 0.08731944,
    "height_m": 0.09324744,
    "volume_ml": 368.4558477571215,
    "timestamp": "2026-03-29 17:27:42"
}