{
    "length_m": 0.09603360000000001,
    "width_m": 0.09769344,
    "height_m": 0.10723752,
    "volume_ml": 523.165042815061,
    "timestamp": "2026-04-01 09:38:05"
}