{
    "length_m": 0.09763416,
    "width_m": 0.09695244000000001,
    "height_m": 0.10768211999999999,
    "volume_ml": 530.0385758105019,
    "timestamp": "2026-03-31 20:23:29"
}