{
    "length_m": 0.09072804,
    "width_m": 0.08820863999999999,
    "height_m": 0.10317684,
    "volume_ml": 429.3764502945147,
    "timestamp": "2026-04-07 15:46:51"
}