{
    "length_m": 0.09591504000000001,
    "width_m": 0.09754524,
    "height_m": 0.11269127999999999,
    "volume_ml": 548.2598580734918,
    "timestamp": "2026-04-01 13:32:32"
}