{
    "length_m": 0.09301032000000001,
    "width_m": 0.0966264,
    "height_m": 0.11304695999999999,
    "volume_ml": 528.3104116235908,
    "timestamp": "2026-04-01 15:28:09"
}