{
    "length_m": 0.09701172,
    "width_m": 0.09458124,
    "height_m": 0.1071486,
    "volume_ml": 511.2332036498692,
    "timestamp": "2026-04-01 14:30:02"
}