{
    "length_m": 0.09724883999999998,
    "width_m": 0.09846408,
    "height_m": 0.10978655999999999,
    "volume_ml": 546.6568293238153,
    "timestamp": "2026-04-01 10:35:46"
}