{
    "length_m": 0.0864006,
    "width_m": 0.08604492,
    "height_m": 0.09087624,
    "volume_ml": 351.3141861027914,
    "timestamp": "2026-03-30 17:03:57"
}