{
    "length_m": 0.09964968000000002,
    "width_m": 0.09760452000000001,
    "height_m": 0.10762283999999998,
    "volume_ml": 544.3191707292262,
    "timestamp": "2026-03-31 21:37:53"
}