{
    "length_m": 0.07235124,
    "width_m": 0.06956507999999999,
    "height_m": 0.10504415999999998,
    "volume_ml": 274.92391754553773,
    "timestamp": "2026-03-29 17:42:54"
}