{
    "length_m": 0.0964782,
    "width_m": 0.0927732,
    "height_m": 0.10439208,
    "volume_ml": 485.872840780709,
    "timestamp": "2026-04-01 12:45:57"
}