{
    "length_m": 0.09935327999999997,
    "width_m": 0.09197292,
    "height_m": 0.11375832000000001,
    "volume_ml": 540.5410706351471,
    "timestamp": "2026-04-01 12:10:20"
}