{
    "length_m": 0.09490727999999998,
    "width_m": 0.09736739999999999,
    "height_m": 0.11476608,
    "volume_ml": 551.4802854002697,
    "timestamp": "2026-04-01 14:47:18"
}