{
    "length_m": 0.07190664,
    "width_m": 0.07181771999999999,
    "height_m": 0.08278452000000001,
    "volume_ml": 222.3069743815436,
    "timestamp": "2026-03-30 21:02:35"
}