{
    "length_m": 0.08592636000000001,
    "width_m": 0.08657844,
    "height_m": 0.08503715999999999,
    "volume_ml": 328.963915440905,
    "timestamp": "2026-03-29 17:07:01"
}