{
    "length_m": 0.09908651999999998,
    "width_m": 0.09561864,
    "height_m": 0.10548875999999999,
    "volume_ml": 519.7166964359707,
    "timestamp": "2026-04-01 11:39:37"
}