{
    "length_m": 0.08681556000000001,
    "width_m": 0.07869420000000002,
    "height_m": 0.09289175999999999,
    "volume_ml": 330.005236121068,
    "timestamp": "2026-03-29 16:28:11"
}