{
    "length_m": 0.09689315999999998,
    "width_m": 0.09769343999999999,
    "height_m": 0.10356216,
    "volume_ml": 509.7567271852963,
    "timestamp": "2026-04-01 09:57:47"
}