{
    "length_m": 0.09710064000000002,
    "width_m": 0.09923472,
    "height_m": 0.0975156,
    "volume_ml": 488.6109347297124,
    "timestamp": "2026-04-01 14:12:30"
}