{
    "length_m": 0.05109935999999999,
    "width_m": 0.05598996,
    "height_m": 0.10919376,
    "volume_ml": 162.4526433971332,
    "timestamp": "2026-04-07 14:50:08"
}