{
    "length_m": 0.0714324,
    "width_m": 0.07137311999999998,
    "height_m": 0.08355515999999999,
    "volume_ml": 221.51673550890462,
    "timestamp": "2026-03-30 21:11:03"
}