{
    "length_m": 0.06221436,
    "width_m": 0.061473360000000005,
    "height_m": 0.07080995999999999,
    "volume_ml": 140.823547975498,
    "timestamp": "2026-03-29 17:36:05"
}