{
    "length_m": 0.09870119999999999,
    "width_m": 0.09656711999999999,
    "height_m": 0.10705968,
    "volume_ml": 530.616800610354,
    "timestamp": "2026-04-01 09:18:46"
}