{
    "length_m": 0.09535188,
    "width_m": 0.0979602,
    "height_m": 0.10969764,
    "volume_ml": 532.8188138375504,
    "timestamp": "2026-04-01 16:17:42"
}