{
    "length_m": 0.09766380000000001,
    "width_m": 0.09778236,
    "height_m": 0.10854168,
    "volume_ml": 539.0065167860671,
    "timestamp": "2026-04-01 10:13:26"
}