{
    "length_m": 0.07134347999999999,
    "width_m": 0.0720252,
    "height_m": 0.08601527999999999,
    "volume_ml": 229.8358194413048,
    "timestamp": "2026-03-30 20:58:58"
}