{
    "length_m": 0.0975156,
    "width_m": 0.09668568000000001,
    "height_m": 0.10919376,
    "volume_ml": 535.3495201444576,
    "timestamp": "2026-04-01 11:29:15"
}