{
    "length_m": 0.10116131999999999,
    "width_m": 0.09852336,
    "height_m": 0.10148736,
    "volume_ml": 525.9797216993159,
    "timestamp": "2026-03-31 16:26:38"
}