{
    "length_m": 0.10033139999999999,
    "width_m": 0.09724884,
    "height_m": 0.09926436000000002,
    "volume_ml": 503.63742233508697,
    "timestamp": "2026-03-31 21:41:05"
}