{
    "length_m": 0.100035,
    "width_m": 0.09834551999999999,
    "height_m": 0.09837516,
    "volume_ml": 503.2634063587546,
    "timestamp": "2026-03-31 17:14:37"
}