{
    "length_m": 0.09953112,
    "width_m": 0.09828624,
    "height_m": 0.11289875999999999,
    "volume_ml": 574.3070239900845,
    "timestamp": "2026-04-01 12:28:19"
}