{
    "length_m": 0.08974992,
    "width_m": 0.09158759999999999,
    "height_m": 0.09481835999999999,
    "volume_ml": 405.2906006803023,
    "timestamp": "2026-04-07 14:54:25"
}