{
    "length_m": 0.09644856000000002,
    "width_m": 0.09938292,
    "height_m": 0.11073503999999998,
    "volume_ml": 551.9451368330434,
    "timestamp": "2026-04-01 13:52:36"
}