{
    "length_m": 0.0958854,
    "width_m": 0.09742668,
    "height_m": 0.1129284,
    "volume_ml": 548.5761299265889,
    "timestamp": "2026-04-01 11:18:20"
}