{
    "length_m": 0.07122492,
    "width_m": 0.07232160000000001,
    "height_m": 0.08711195999999999,
    "volume_ml": 233.33566481533128,
    "timestamp": "2026-03-29 17:31:00"
}